{
    "metrics": {
        "checks": {
            "fails": 0,
            "passes": 29,
            "value": 0
        },
        "data_received": {
            "count": 320131,
            "rate": 29299.199797449655
        },
        "data_sent": {
            "count": 2204,
            "rate": 201.71566125610778
        },
        "http_req_blocked": {
            "avg": 12.439727586206898,
            "max": 57.6801,
            "med": 0.0175,
            "min": 0.0052,
            "p(90)": 51.75762,
            "p(95)": 53.36096
        },
        "http_req_connecting": {
            "avg": 12.183210344827588,
            "max": 53.8893,
            "med": 0,
            "min": 0,
            "p(90)": 51.3832,
            "p(95)": 51.994
        },
        "http_req_duration": {
            "avg": 50.5104724137931,
            "max": 223.1873,
            "med": 45.6972,
            "min": 31.034,
            "p(90)": 55.070119999999996,
            "p(95)": 60.26172
        },
        "http_req_receiving": {
            "avg": 11.322044827586204,
            "max": 174.1832,
            "med": 3.6576,
            "min": 0.055,
            "p(90)": 12.94954,
            "p(95)": 13.54594
        },
        "http_req_sending": {
            "avg": 0.06186206896551724,
            "max": 0.2679,
            "med": 0.0441,
            "min": 0.0133,
            "p(90)": 0.14121999999999998,
            "p(95)": 0.18109999999999993
        },
        "http_req_tls_handshaking": {
            "avg": 0,
            "max": 0,
            "med": 0,
            "min": 0,
            "p(90)": 0,
            "p(95)": 0
        },
        "http_req_waiting": {
            "avg": 39.126565517241396,
            "max": 60.4478,
            "med": 36.5729,
            "min": 29.9036,
            "p(90)": 47.73798,
            "p(95)": 50.05259999999999
        },
        "http_reqs": {
            "count": 29,
            "rate": 2.6541534375803657
        },
        "iteration_duration": {
            "avg": 1063.79535862069,
            "max": 1281.5005,
            "med": 1048.167,
            "min": 1032.1961,
            "p(90)": 1100.54014,
            "p(95)": 1107.1193600000001
        },
        "iterations": {
            "count": 29,
            "rate": 2.6541534375803657
        },
        "vus": {
            "max": 7,
            "min": 1,
            "value": 7
        },
        "vus_max": {
            "max": 8,
            "min": 8,
            "value": 8
        }
    },
    "root_group": {
        "name": "",
        "path": "",
        "id": "d41d8cd98f00b204e9800998ecf8427e",
        "groups": {},
        "checks": {
            "status is 200": {
                "name": "status is 200",
                "path": "::status is 200",
                "id": "6210a8cd14cd70477eba5c5e4cb3fb5f",
                "passes": 29,
                "fails": 0
            }
        }
    }
}
